{"cameraMode":{"drawMode":0,"name":"Shaded","section":"Shading Mode"},"sceneLighting":false,"audioPlay":false,"sceneViewState":{"showFog":false,"showMaterialUpdate":false,"showSkybox":false,"showFlares":false,"showImageEffects":false,"showParticleSystems":false},"in2DMode":false,"pivot":{"x":0.2331046760082245,"y":1.2718515396118165,"z":0.45982837677001955},"rotation":{"x":-0.09163137525320053,"y":0.8898245692253113,"z":-0.20535430312156678,"w":-0.39705002307891848},"size":2.233555316925049,"orthographic":false}