{"cameraMode":{"drawMode":0,"name":"Shaded","section":"Shading Mode"},"sceneLighting":true,"audioPlay":false,"sceneViewState":{"showFog":false,"showMaterialUpdate":false,"showSkybox":false,"showFlares":false,"showImageEffects":false,"showParticleSystems":false},"in2DMode":false,"pivot":{"x":11.558694839477539,"y":-5.054714202880859,"z":6.70863151550293},"rotation":{"x":0.2533574402332306,"y":0.4995105564594269,"z":-0.15549466013908387,"w":0.8137940168380737},"size":24.977758407592775,"orthographic":false}