{"cameraMode":{"drawMode":0,"name":"Shaded","section":"Shading Mode"},"sceneLighting":false,"audioPlay":false,"sceneViewState":{"showFog":false,"showMaterialUpdate":false,"showSkybox":false,"showFlares":false,"showImageEffects":false,"showParticleSystems":false},"in2DMode":false,"pivot":{"x":-3.5124175548553469,"y":0.6919625997543335,"z":-4.782168865203857},"rotation":{"x":-0.02421128936111927,"y":0.9374643564224243,"z":-0.06648384034633637,"w":-0.34101349115371706},"size":6.027668476104736,"orthographic":false}