{"cameraMode":{"drawMode":0,"name":"Shaded","section":"Shading Mode"},"sceneLighting":true,"audioPlay":false,"sceneViewState":{"showFog":false,"showMaterialUpdate":false,"showSkybox":false,"showFlares":false,"showImageEffects":false,"showParticleSystems":false},"in2DMode":false,"pivot":{"x":5.60430383682251,"y":1.0430901050567628,"z":13.64134693145752},"rotation":{"x":0.039778973907232288,"y":0.5585379004478455,"z":-0.026830393821001054,"w":0.8280914425849915},"size":3.2834718227386476,"orthographic":false}