{"cameraMode":{"drawMode":0,"name":"Shaded","section":"Shading Mode"},"sceneLighting":true,"audioPlay":false,"sceneViewState":{"showFog":false,"showMaterialUpdate":false,"showSkybox":false,"showFlares":false,"showImageEffects":false,"showParticleSystems":false},"in2DMode":false,"pivot":{"x":5.151304244995117,"y":1.1906757354736329,"z":13.495681762695313},"rotation":{"x":0.15914438664913178,"y":0.2158101499080658,"z":-0.035648614168167117,"w":0.9627887606620789},"size":38.96979522705078,"orthographic":false}