{"cameraMode":{"drawMode":0,"name":"Shaded","section":"Shading Mode"},"sceneLighting":true,"audioPlay":false,"sceneViewState":{"showFog":false,"showMaterialUpdate":false,"showSkybox":false,"showFlares":false,"showImageEffects":false,"showParticleSystems":false},"in2DMode":false,"pivot":{"x":7.501134872436523,"y":1.5395079851150513,"z":2.239616870880127},"rotation":{"x":-0.11254767328500748,"y":0.8613753914833069,"z":-0.21793638169765473,"w":-0.44483357667922976},"size":5.446321487426758,"orthographic":false}