{"cameraMode":{"drawMode":0,"name":"Shaded","section":"Shading Mode"},"sceneLighting":true,"audioPlay":false,"sceneViewState":{"showFog":false,"showMaterialUpdate":false,"showSkybox":false,"showFlares":false,"showImageEffects":false,"showParticleSystems":false},"in2DMode":false,"pivot":{"x":6.152386665344238,"y":-0.1643972396850586,"z":3.8195180892944338},"rotation":{"x":-0.09163137525320053,"y":0.8898245692253113,"z":-0.20535430312156678,"w":-0.39705002307891848},"size":33.349342346191409,"orthographic":false}