{"cameraMode":{"drawMode":0,"name":"Shaded","section":"Shading Mode"},"sceneLighting":true,"audioPlay":false,"sceneViewState":{"showFog":false,"showMaterialUpdate":false,"showSkybox":false,"showFlares":false,"showImageEffects":false,"showParticleSystems":false},"in2DMode":false,"pivot":{"x":9.329446792602539,"y":-1.8721246719360352,"z":7.596954345703125},"rotation":{"x":0.25440001487731936,"y":0.3080725073814392,"z":-0.08584486693143845,"w":0.9127681255340576},"size":23.23338508605957,"orthographic":false}