{"cameraMode":{"drawMode":0,"name":"Shaded","section":"Shading Mode"},"sceneLighting":false,"audioPlay":false,"sceneViewState":{"showFog":false,"showMaterialUpdate":false,"showSkybox":false,"showFlares":false,"showImageEffects":false,"showParticleSystems":false},"in2DMode":false,"pivot":{"x":2.702066421508789,"y":0.48840224742889407,"z":-3.0547142028808595},"rotation":{"x":0.022977791726589204,"y":0.7172435522079468,"z":-0.023677580058574678,"w":0.6960425972938538},"size":15.533020973205567,"orthographic":true}