{"cameraMode":{"drawMode":0,"name":"Shaded","section":"Shading Mode"},"sceneLighting":true,"audioPlay":false,"sceneViewState":{"showFog":false,"showMaterialUpdate":false,"showSkybox":false,"showFlares":false,"showImageEffects":false,"showParticleSystems":false},"in2DMode":false,"pivot":{"x":-4.180547714233398,"y":-3.5310566425323488,"z":11.030328750610352},"rotation":{"x":-0.17128941416740418,"y":0.6518454551696777,"z":-0.15455842018127442,"w":-0.7224077582359314},"size":26.571475982666017,"orthographic":false}