{"cameraMode":{"drawMode":0,"name":"Shaded","section":"Shading Mode"},"sceneLighting":false,"audioPlay":false,"sceneViewState":{"showFog":false,"showMaterialUpdate":false,"showSkybox":false,"showFlares":false,"showImageEffects":false,"showParticleSystems":false},"in2DMode":false,"pivot":{"x":3.510716438293457,"y":1.1166000366210938,"z":1.771512508392334},"rotation":{"x":-0.09163137525320053,"y":0.8898245692253113,"z":-0.20535430312156678,"w":-0.39705002307891848},"size":16.119075775146486,"orthographic":false}