{"cameraMode":{"drawMode":0,"name":"Shaded","section":"Shading Mode"},"sceneLighting":false,"audioPlay":false,"sceneViewState":{"showFog":false,"showMaterialUpdate":false,"showSkybox":false,"showFlares":false,"showImageEffects":false,"showParticleSystems":false},"in2DMode":false,"pivot":{"x":17.80299949645996,"y":0.25099998712539675,"z":6.300000190734863},"rotation":{"x":-0.3028283715248108,"y":0.030582435429096223,"z":-0.009727359749376774,"w":-0.952545702457428},"size":3.0849668979644777,"orthographic":false}