{"cameraMode":{"drawMode":0,"name":"Shaded","section":"Shading Mode"},"sceneLighting":false,"audioPlay":false,"sceneViewState":{"showFog":false,"showMaterialUpdate":false,"showSkybox":false,"showFlares":false,"showImageEffects":false,"showParticleSystems":false},"in2DMode":false,"pivot":{"x":-1.000001072883606,"y":1.0000005960464478,"z":2.1768674850463869},"rotation":{"x":-0.09163137525320053,"y":0.8898245692253113,"z":-0.20535430312156678,"w":-0.39705002307891848},"size":0.9598434567451477,"orthographic":false}